{
  "rules": {
    "requests" : {
      ".read": "auth != null",
    	".write": "auth != null",
      ".indexOn": ["uid","status"]
    },
    "canice": {
      "$id": {
      	".read" : true,
      	".write" : true  
      }      
    },  
    "calls" : {
      ".read" : true,
      ".write" : true
    },
    "typing" : {
      ".read": "auth != null && root.child('users').child(auth.uid).child('utype').val()=='zudmen'",
      ".write": "auth != null && root.child('users').child(auth.uid).child('utype').val()=='zudmen'",
      "$uid" : {
        ".read": "auth != null && auth.uid == $uid",
    		".write": "auth != null && auth.uid == $uid"
      }
    },
    "messenger" : {
      ".read": "auth != null && root.child('users').child(auth.uid).child('utype').val()=='zudmen'",
      ".write": "auth != null && root.child('users').child(auth.uid).child('utype').val()=='zudmen'",
      "$uid" : {
        ".read": "auth != null && auth.uid == $uid",
    		".write": "auth != null && auth.uid == $uid"
      }
    },
    "users" : {
      ".read": "auth != null && root.child('users').child(auth.uid).child('utype').val()=='zudmen'",
      ".write": "auth != null && root.child('users').child(auth.uid).child('utype').val()=='zudmen'",
      "$uid" : {
        ".read": "auth != null && auth.uid == $uid",
    		".write": "auth != null && auth.uid == $uid"
      }
    }
  }
}